	{

		"metadata": {
			"formatVersion" : 3.1,
			"generatedBy"   : "Blender 2.7 Exporter",
			"vertices"      : 98,
			"faces"         : 96,
			"normals"       : 98,
			"colors"        : 0,
			"uvs"           : [165],
			"materials"     : 1,
			"morphTargets"  : 0,
			"bones"         : 0
		},

			"scale" : 1.000000,
			
			"vertices" : [0.89693,-0.116702,-1.07806,0.736314,-0.0760327,1.06676,-1.05209,-0.0645995,0.954513,-0.692441,-0.114299,-0.835835,1.30375,1.08375,-1.02354,0.444005,1.03271,1.51382,-1.01977,1.17495,1.10596,-0.681862,1.18046,-1.48157,1.04541,-0.157597,-0.147996,0.0672652,-0.0727135,-0.783522,1.20036,0.538245,-1.22168,-0.154563,-0.1145,1.22899,1.15527,0.478039,1.38158,-1.09463,-0.254018,-0.118459,-1.64806,0.452009,0.853586,-1.18573,0.481559,-1.13355,0.975431,1.24656,0.0478953,0.105258,1.12682,-1.58507,-0.344848,1.15238,1.73,-1.17709,1.30324,0.00979803,-0.0157887,-0.312706,-0.0602416,0.0461069,1.35156,-0.25373,1.17518,0.692469,0.169032,0.260077,0.45264,1.36545,-1.64888,0.429819,-0.0640315,-0.199824,0.33682,-1.53642,1.00887,-0.126459,0.470257,-0.321458,-0.0603048,-0.702046,1.38583,0.807576,-1.18181,-0.537873,-0.057997,1.15438,0.936321,0.677546,1.42649,-0.862364,-0.219203,-0.537108,-1.28159,0.883991,1.21808,-0.974527,0.926074,-1.43144,0.808457,1.34641,0.902078,-0.174992,1.14717,-1.80116,-0.610285,1.14795,1.32788,-1.35602,1.24504,-0.716849,1.04202,-0.190494,-0.637866,0.468949,-0.142859,-1.02681,1.08127,0.175115,-1.28756,0.243586,-0.141476,1.19107,1.01459,0.183492,1.31295,-1.15573,-0.217847,0.459469,-1.57134,0.110279,0.770709,-1.06328,0.0745209,-1.01561,1.23195,1.21687,-0.594471,0.770454,1.12219,-1.2997,-0.065279,1.10293,1.79604,-1.17643,1.28123,0.64638,-0.476225,-0.274043,-0.0373896,0.480423,-0.312115,-0.11106,0.172793,-0.188473,-0.53246,-0.106274,-0.274351,0.595963,-0.19801,1.36038,0.630817,0.0629979,1.2763,-0.994314,0.611501,1.35234,-0.29078,-0.603343,1.34358,-0.0112765,1.26746,0.63073,1.00836,1.26711,0.600208,-0.689727,1.2689,0.241091,-0.0638844,1.05091,1.0685,0.197512,-1.04357,0.402928,1.28959,0.667029,0.439932,1.44868,-0.13512,0.156678,1.50502,-0.0668696,0.65206,1.60219,-1.7599,0.319614,-0.724614,-1.64648,0.462612,0.459024,-1.54844,-0.153801,-0.255587,-1.48305,1.06852,0.0453295,-0.775458,0.497559,-1.4025,0.556317,0.449266,-1.4965,0.153226,0.839249,-1.83223,-0.180515,0.0609462,-1.2339,-0.63092,-0.226328,0.592326,-0.677921,1.3297,0.698183,1.11593,1.06789,0.980967,-0.944509,0.743625,1.39234,-1.71944,0.916506,-0.699776,-0.751048,0.149059,-1.12301,-0.359688,-0.219676,-0.596748,0.548058,-0.284113,-0.657622,0.383454,-0.298149,0.53317,0.342781,1.37089,0.863692,0.801564,1.33331,-0.716665,-0.544178,1.29005,-0.889409,1.34767,0.189763,0.746821,1.32379,0.127379,-0.85606,1.42354,0.897206,-0.707035,-0.706694,0.190636,1.34694,0.494274,0.153436,1.39946,0.524189,0.69141,1.41045,-1.34644,-0.078697,-0.808084,-1.55038,0.0335128,0.487642,-1.43432,1.0171,0.746778,-0.263198,0.91678,-1.71677,0.802037,0.850317,-1.52859,0.512712,0.114694,-1.19838],
			"faces"    : [43,74,29,2,43,0,0,1,2,3,0,1,2,3,43,75,49,6,36,0,4,5,6,7,4,5,6,7,43,76,34,5,30,0,8,9,10,11,8,9,10,11,43,77,36,6,32,0,12,13,14,15,12,7,6,13,43,78,37,7,33,0,16,17,18,19,14,15,16,17,43,79,27,3,45,0,20,21,22,23,18,19,20,21,43,80,50,13,31,0,24,25,26,27,22,23,24,25,43,81,51,20,52,0,28,29,30,31,26,27,28,29,43,82,41,11,53,0,32,33,34,35,30,31,32,33,43,83,54,18,48,0,36,37,38,39,34,35,36,37,43,84,55,21,56,0,40,41,42,43,38,39,40,41,43,85,37,19,57,0,44,45,46,47,42,15,43,44,43,86,58,12,42,0,48,49,50,51,45,46,47,48,43,87,59,22,60,0,52,53,54,55,49,50,51,52,43,88,46,16,61,0,56,57,58,59,53,54,55,56,43,89,62,14,44,0,60,61,62,63,57,58,59,60,43,90,63,23,64,0,64,65,66,67,61,62,63,64,43,91,48,18,65,0,68,69,70,71,65,37,36,66,43,92,66,15,45,0,72,73,74,23,67,68,69,21,43,93,67,24,68,0,75,76,77,78,70,71,72,73,43,94,49,19,69,0,79,80,81,82,74,5,43,75,43,95,70,15,33,0,83,84,74,19,76,77,69,17,43,96,71,25,72,0,85,86,87,88,78,79,80,81,43,97,39,9,73,0,89,90,91,92,82,83,84,85,43,50,74,43,13,0,25,0,3,26,23,0,3,24,43,20,53,74,50,0,30,35,0,25,28,33,0,23,43,53,11,29,74,0,35,34,1,0,33,32,1,0,43,54,75,36,18,0,37,4,7,38,35,4,7,36,43,21,57,75,54,0,42,47,4,37,40,44,4,35,43,57,19,49,75,0,47,46,5,4,44,43,5,4,43,58,76,30,12,0,93,8,11,94,46,8,11,47,43,22,61,76,58,0,54,95,96,49,51,56,8,46,43,61,16,34,76,0,95,97,98,96,56,55,9,8,43,62,77,32,14,0,99,12,15,100,58,12,13,59,43,23,65,77,62,0,101,102,103,104,63,66,12,58,43,65,18,36,77,0,105,106,13,12,66,36,7,12,43,66,78,33,15,0,73,16,19,74,68,14,17,69,43,24,69,78,66,0,77,82,107,108,72,75,14,68,43,69,19,37,78,0,82,81,109,107,75,43,15,14,43,70,79,45,15,0,84,20,23,74,77,18,21,69,43,25,73,79,70,0,87,92,20,84,80,85,18,77,43,73,9,27,79,0,110,111,112,113,85,84,19,18,43,27,80,31,3,0,21,114,115,22,19,22,25,20,43,9,52,80,27,0,91,116,114,21,84,29,22,19,43,52,20,50,80,0,31,30,25,24,29,28,23,22,43,39,81,52,9,0,90,117,116,91,83,26,29,84,43,0,38,81,39,0,118,119,28,120,86,87,26,83,43,38,8,51,81,0,119,121,29,28,87,88,27,26,43,51,82,53,20,0,29,32,35,30,27,30,33,28,43,8,26,82,51,0,121,122,32,29,88,89,30,27,43,26,1,41,82,0,122,123,33,32,89,90,31,30,43,34,83,48,5,0,9,124,69,10,9,34,37,10,43,16,56,83,34,0,125,43,36,126,55,41,34,9,43,56,21,54,83,0,43,42,37,36,41,40,35,34,43,46,84,56,16,0,127,40,43,125,54,38,41,55,43,4,47,84,46,0,128,129,40,127,91,92,38,54,43,47,17,55,84,0,129,130,41,40,92,93,39,38,43,55,85,57,21,0,41,44,47,42,39,42,44,40,43,17,35,85,55,0,130,131,44,41,93,94,42,39,43,35,7,37,85,0,131,132,45,44,94,16,15,42,43,26,86,42,1,0,133,48,51,134,89,45,48,90,43,8,60,86,26,0,135,55,48,133,88,52,45,89,43,60,22,58,86,0,55,54,49,48,52,51,46,45,43,38,87,60,8,0,136,52,55,135,87,49,52,88,43,0,40,87,38,0,137,138,52,136,86,95,49,87,43,40,10,59,87,0,138,139,53,52,95,96,50,49,43,59,88,61,22,0,53,140,95,54,50,53,56,51,43,10,28,88,59,0,139,141,140,53,96,97,53,50,43,28,4,46,88,0,141,142,143,140,97,91,54,53,43,29,89,44,2,0,1,60,63,2,1,57,60,2,43,11,64,89,29,0,34,144,60,1,32,64,57,1,43,64,23,62,89,0,67,66,145,146,64,63,58,57,43,41,90,64,11,0,33,147,144,34,31,61,64,32,43,1,42,90,41,0,123,148,147,33,90,48,61,31,43,42,12,63,90,0,149,94,65,64,48,47,62,61,43,63,91,65,23,0,65,68,71,66,62,65,66,63,43,12,30,91,63,0,94,11,68,65,47,11,65,62,43,30,5,48,91,0,11,10,69,68,11,10,37,65,43,31,92,45,3,0,115,72,23,22,25,67,21,20,43,13,68,92,31,0,26,150,151,27,24,73,67,25,43,68,24,66,92,0,78,77,108,152,73,72,68,67,43,43,93,68,13,0,3,153,150,26,3,70,73,24,43,2,44,93,43,0,2,63,153,3,2,60,70,3,43,44,14,67,93,0,154,100,76,75,60,59,71,70,43,67,94,69,24,0,76,79,82,77,71,74,75,72,43,14,32,94,67,0,100,15,79,76,59,13,74,71,43,32,6,49,94,0,15,14,80,79,13,6,5,74,43,35,95,33,7,0,155,83,19,18,94,76,17,16,43,17,72,95,35,0,156,88,83,155,93,81,76,94,43,72,25,70,95,0,88,87,84,83,81,80,77,76,43,47,96,72,17,0,129,157,158,130,92,78,81,93,43,4,28,96,47,0,142,141,159,160,91,97,78,92,43,28,10,71,96,0,141,139,161,159,97,96,79,78,43,71,97,73,25,0,86,89,92,87,79,82,85,80,43,10,40,97,71,0,162,163,89,86,96,95,82,79,43,40,0,39,97,0,163,164,90,89,95,86,83,82],